College,ID,dob,sex,gender,residence,dur_residence,migrant,current_edu,field_edu,occupation,orientation,relationship,living_sit,hoh_relation,hoh_edu,hoh_occu,fam_income,religon,ethnicity,mother_tongue,upbringing,fam_structure,household_members,birth_order,ho_mental_illness,smoking,alcohol,substance_use,physical_disability,chronic_illness,age,ses_total,ses_class
Akshayee College of Arts and Science,ACA01,16/05/2005,Male ,Male ,Malai Nagar,20,No ,Bachelor's ,Computer Science,Currently involved with part-time/remote work   / (remote)  ,Heterosexual (attracted to opposite sex)  (    ),Single   ( ),Living with family  ,Father/Mother/Guardian //,5,1,2,Hindu ,"Dravidians (languages and cultures such as Tamil, Telugu, Kannada, and Malayalam. They are predominantly found in South India.)  (, ,       .     .)",Tamil ,Suburban   (  ),Nuclear ,5,Youngest Child  ,No ,No ,No ,No ,No ,No ,20,8,Upper Lower (IV)
Akshayee College of Arts and Science,ACA02,25/09/2008,Male ,Male ,Kavithandalam,17,No ,Bachelor's ,Computer Science,Not working  ,Heterosexual (attracted to opposite sex)  (    ),Single   ( ),Living with family  ,Father/Mother/Guardian //,3,2,2,Hindu ,"Dravidians (languages and cultures such as Tamil, Telugu, Kannada, and Malayalam. They are predominantly found in South India.)  (, ,       .     .)",Tamil ,Rural ,Nuclear ,4,Eldest Child  ,No ,No ,No ,No ,No ,No ,18,7,Upper Lower (IV)
Akshayee College of Arts and Science,ACA03,18/03/2006,Male ,Male ,Maduranthagam,100,No ,Bachelor's ,Computer Science,Not working  ,Heterosexual (attracted to opposite sex)  (    ),Single   ( ),Living with family  ,Father/Mother/Guardian //,4,4,2,Hindu ,"Dravidians (languages and cultures such as Tamil, Telugu, Kannada, and Malayalam. They are predominantly found in South India.)  (, ,       .     .)",Tamil ,Rural ,Nuclear ,5,Middle Child  ,No ,No ,No ,No ,No ,No ,19,10,Upper Lower (IV)
Akshayee College of Arts and Science,ACA04,26/12/2007,Male ,Male ,Porpanankarnai thiruvalluvarstreet,17,No ,Bachelor's ,Computer Science,Not working  ,Homosexual (attracted to same sex)   (    ),Single   ( ),Living with family  ,Father/Mother/Guardian //,2,4,1,Hindu ,"Dravidians (languages and cultures such as Tamil, Telugu, Kannada, and Malayalam. They are predominantly found in South India.)  (, ,       .     .)",Tamil ,Rural ,Extended/Joint  ,6,Eldest Child  ,No ,No ,No ,No ,No ,No ,18,7,Upper Lower (IV)
Akshayee College of Arts and Science,ACA05,10/06/2007,Male ,Male ,66 Thandalam,18,No ,Bachelor's ,Computer Science,Not working  ,Heterosexual (attracted to opposite sex)  (    ),Single   ( ),Living with family  ,Father/Mother/Guardian //,5,7,2,Hindu ,"Dravidians (languages and cultures such as Tamil, Telugu, Kannada, and Malayalam. They are predominantly found in South India.)  (, ,       .     .)",Tamil ,Rural ,Extended/Joint  ,10,Eldest Child  ,No ,No ,No ,No ,No ,No ,18,14,Lower Middle (III)
Akshayee College of Arts and Science,ACA06,17/10/2006,Male ,Male ,"Chengalpattu,Maduranthagam,Elappakkam.",19,No ,Bachelor's ,Computer Science,Not working  ,Asexual (not attracted to either sex)   (    ),Single   ( ),Living with family  ,Father/Mother/Guardian //,7,2,1,Hindu ,"Dravidians (languages and cultures such as Tamil, Telugu, Kannada, and Malayalam. They are predominantly found in South India.)  (, ,       .     .)",Tamil ,Rural ,Nuclear ,2,Youngest Child  ,No ,No ,No ,No ,No ,No ,19,10,Upper Lower (IV)
Akshayee College of Arts and Science,ACA07,27/08/2005,Male ,Male ,"Ambedkar Nagar, acharapakkam 603301",15,No ,Bachelor's ,Computer Science,Currently involved with freelance work   (freelance)  ,Heterosexual (attracted to opposite sex)  (    ),Single   ( ),Living with family  ,Father/Mother/Guardian //,4,7,6,Hindu ,"Dravidians (languages and cultures such as Tamil, Telugu, Kannada, and Malayalam. They are predominantly found in South India.)  (, ,       .     .)",Tamil ,Suburban   (  ),Nuclear ,4,Single Child  ,No ,No ,No ,No ,No ,No ,20,17,Upper Middle (II)
akshayee_college_of_arts_and_science,ACA08,07/01/2008,Male ,Male ,CHENGALPATTU,10,No ,Bachelor's ,Computer Science,Not working  ,Heterosexual (attracted to opposite sex)  (    ),Single   ( ),Living with family  ,Father/Mother/Guardian //,3,6,10,Hindu ,"Dravidians (languages and cultures such as Tamil, Telugu, Kannada, and Malayalam. They are predominantly found in South India.)  (, ,       .     .)",Tamil ,Urban ,Nuclear ,4,Youngest Child  ,No ,No ,No ,No ,No ,No ,18,19,Upper Middle (II)
Aksheyee College of Arts and Science,ACA09,28/10/2007,Male ,Non-Binary (refers to a spectrum of gender identities that do not fit exclusively within the traditional categories of male or female.) - (            .),"Chinna Street,Thimmavaram.",18,No ,Bachelor's ,Computer Science,Not working  ,Asexual (not attracted to either sex)   (    ),Single   ( ),Living with family  ,Father/Mother/Guardian //,5,3,1,Hindu ,"Dravidians (languages and cultures such as Tamil, Telugu, Kannada, and Malayalam. They are predominantly found in South India.)  (, ,       .     .)",Tamil ,Suburban   (  ),Extended/Joint  ,05,Youngest Child  ,No ,No ,No ,No ,No ,No ,18,9,Upper Lower (IV)
Aksheyee College of Arts and Science,ACA10,03/05/2006,Male ,Male ,uthiramerur,7,Yes ,Bachelor's ,Computer Science,Currently involved with freelance work   (freelance)  ,Heterosexual (attracted to opposite sex)  (    ),Single   ( ),Living with family  ,Father/Mother/Guardian //,3,4,2,Hindu ,"Dravidians (languages and cultures such as Tamil, Telugu, Kannada, and Malayalam. They are predominantly found in South India.)  (, ,       .     .)",Tamil ,Rural ,Nuclear ,4,Youngest Child  ,No ,No ,No ,No ,No ,No ,19,9,Upper Lower (IV)
Aksheyee College of Arts and Science,ACA11,21/02/2007,Male ,Male ,"Chengalpattu district 53,big street padalam",0,No ,Bachelor's ,Computer Science,Currently involved with full-time work     ,Bisexual (attracted to both same and opposite sex)   (       ),Single   ( ),Living with family  ,Father/Mother/Guardian //,4,3,6,Hindu ,"Dravidians (languages and cultures such as Tamil, Telugu, Kannada, and Malayalam. They are predominantly found in South India.)  (, ,       .     .)",Tamil ,Rural ,Nuclear ,4,Youngest Child  ,No ,No ,No ,No ,No ,No ,18,13,Lower Middle (III)
Aksheyee College of Arts and Science,ACA12,17/09/2006,Male ,Male ,Thuthuvilampattu,20,No ,Bachelor's ,Computer Science,Not working  ,Asexual (not attracted to either sex)   (    ),Single   ( ),Living with family  ,Father/Mother/Guardian //,4,3,2,Hindu ,"Dravidians (languages and cultures such as Tamil, Telugu, Kannada, and Malayalam. They are predominantly found in South India.)  (, ,       .     .)",Tamil ,Rural ,Nuclear ,5,Middle Child  ,No ,No ,No ,No ,No ,No ,19,9,Upper Lower (IV)
Aksheyee College of Arts and Science,ACA13,26/02/2007,Male ,Male ,Mugunthagiri,19,No ,Bachelor's ,Statistics,Not working  ,Asexual (not attracted to either sex)   (    ),Single   ( ),Living with family  ,Father/Mother/Guardian //,4,2,1,Hindu ,"Dravidians (languages and cultures such as Tamil, Telugu, Kannada, and Malayalam. They are predominantly found in South India.)  (, ,       .     .)",Tamil ,Rural ,Nuclear ,4,Youngest Child  ,No ,No ,No ,No ,No ,No ,18,7,Upper Lower (IV)
Madras Christian College,MCC01,28/10/2004,Male ,Other ,Pallavaram,21,No ,Master's ,Statistics,Not working  ,Heterosexual (attracted to opposite sex)  (    ),Single   ( ),Living with family  ,Father/Mother/Guardian //,6,8,3,Christian ,"Dravidians (languages and cultures such as Tamil, Telugu, Kannada, and Malayalam. They are predominantly found in South India.)  (, ,       .     .)",Tamil ,Urban ,Extended/Joint  ,110,Single Child  ,No ,No ,No ,No ,No ,No ,21,17,Upper Middle (II)
Madras Christian College,MCC01,28/10/2004,Male ,Male ,Pallavaram,21,No ,Master's ,Statistics,Not working  ,Heterosexual (attracted to opposite sex)  (    ),Single   ( ),Living with family  ,Father/Mother/Guardian //,6,6,3,Christian ,"Dravidians (languages and cultures such as Tamil, Telugu, Kannada, and Malayalam. They are predominantly found in South India.)  (, ,       .     .)",Tamil ,Urban ,Nuclear ,3,Single Child  ,No ,No ,No ,No ,No ,No ,21,15,Lower Middle (III)
Madras Christian College,MCC02,28/11/2004,Female ,Female ,Gowrivakkam,21,No ,Master's ,Statistics,Not working  ,Heterosexual (attracted to opposite sex)  (    ),Single   ( ),Living with family  ,Father/Mother/Guardian //,6,9,12,Christian ,"Dravidians (languages and cultures such as Tamil, Telugu, Kannada, and Malayalam. They are predominantly found in South India.)  (, ,       .     .)",Tamil ,Urban ,Nuclear ,4,Youngest Child  ,No ,No ,No ,No ,No ,No ,21,27,Upper (I)
Madras Christian College,MCC03,14/09/2004,Female ,Female ,Pallavaram,1,Yes ,Master's ,Statistics,Not working  ,Heterosexual (attracted to opposite sex)  (    ),In a Committed Relationship   ,Living with family  ,Father/Mother/Guardian //,4,7,12,Hindu ,"Dravidians (languages and cultures such as Tamil, Telugu, Kannada, and Malayalam. They are predominantly found in South India.)  (, ,       .     .)",Tamil ,Urban ,Nuclear ,4,Youngest Child  ,No ,No ,No ,No ,No ,No ,21,23,Upper Middle (II)
Madras Christian College,MCC04,31/08/2005,Male ,Male ,Tambaram,15,No ,Bachelor's ,Statistics,Not working  ,Asexual (not attracted to either sex)   (    ),Single   ( ),Living with family  ,Father/Mother/Guardian //,4,8,4,Hindu ,"Dravidians (languages and cultures such as Tamil, Telugu, Kannada, and Malayalam. They are predominantly found in South India.)  (, ,       .     .)",Tamil ,Urban ,Nuclear ,4,Youngest Child  ,No ,No ,No ,No ,No ,No ,20,16,Upper Middle (II)
Madras Christian College,MCC05,05/08/2003,Female ,Female ,Tambaram,3,Yes ,Master's ,Statistics,Not working  ,Heterosexual (attracted to opposite sex)  (    ),Single   ( ),Living with friends/roomates /  ,Father/Mother/Guardian //,6,9,12,Christian ,"Dravidians (languages and cultures such as Tamil, Telugu, Kannada, and Malayalam. They are predominantly found in South India.)  (, ,       .     .)",Tamil ,Rural ,Nuclear ,4,Youngest Child  ,No ,No ,No ,No ,No ,No ,22,27,Upper (I)
Madras Christian College,MCC06,29/11/2000,Male ,Male ,Chennai,20,No ,Master's ,Statistics,Not working  ,Heterosexual (attracted to opposite sex)  (    ),Single   ( ),Living alone  ,Father/Mother/Guardian //,6,7,12,Christian ,"Indo-Aryans (languages and cultures such as Hindi, Punjabi, Gujarati, Bengali, and Marathi. They are predominantly found in North India.) - (, , ,       .     .)",Telugu ,Rural ,Nuclear ,4,Eldest Child  ,Yes ,No ,No ,No ,No ,No ,25,25,Upper Middle (II)
Madras Christian College,MCC07,30/04/2005,Female ,Female ,Tambaram,3,Yes ,Bachelor's ,Statistics,Not working  ,Heterosexual (attracted to opposite sex)  (    ),Single   ( ),Living in University/College Hostel /  ,Father/Mother/Guardian //,5,6,2,Christian ,"Dravidians (languages and cultures such as Tamil, Telugu, Kannada, and Malayalam. They are predominantly found in South India.)  (, ,       .     .)",Tamil ,Rural ,Nuclear ,4,Eldest Child  ,No ,No ,No ,No ,Yes ,No ,20,13,Lower Middle (III)
Madras Christian College,MCC08,12/12/2006,Male ,Male ,Poonamallee,15,No ,Bachelor's ,Statistics,Not working  ,Heterosexual (attracted to opposite sex)  (    ),Single   ( ),Living with family  ,Father/Mother/Guardian //,6,4,1,Hindu ,"Indo-Aryans (languages and cultures such as Hindi, Punjabi, Gujarati, Bengali, and Marathi. They are predominantly found in North India.) - (, , ,       .     .)",Tamil ,Suburban   (  ),Stem /  ,4,Youngest Child  ,Yes ,No ,No ,No ,No ,No ,18,11,Lower Middle (III)
Madras Christian College,MCC09,21/12/2003,Female ,Female ,"285, 5TH STREET ,K.K NAGAR, MELAMAIYUR,CHENGALPATTU,603001",21,No ,Master's ,Statistics,Not working  ,Heterosexual (attracted to opposite sex)  (    ),Single   ( ),Living with partner/spouse // ,Father/Mother/Guardian //,4,3,2,Hindu ,"Dravidians (languages and cultures such as Tamil, Telugu, Kannada, and Malayalam. They are predominantly found in South India.)  (, ,       .     .)",Tamil ,Rural ,Nuclear ,4,Youngest Child  ,No ,No ,No ,No ,No ,No ,21,9,Upper Lower (IV)
Madras Christian College,MCC10,18/10/2006,Male ,Male ,Poonamallee,18,No ,Bachelor's ,Statistics,Not working  ,Heterosexual (attracted to opposite sex)  (    ),Single   ( ),Living with family  ,Father/Mother/Guardian //,6,9,3,Christian ,"Dravidians (languages and cultures such as Tamil, Telugu, Kannada, and Malayalam. They are predominantly found in South India.)  (, ,       .     .)",Tamil ,Urban ,Nuclear ,3,Youngest Child  ,No ,No ,No ,No ,No ,No ,19,18,Upper Middle (II)
Madras Christian College,MCC11,05/10/2005,Female ,Female ,Chennai,20,No ,Bachelor's ,Statistics,Not working  ,Asexual (not attracted to either sex)   (    ),Single   ( ),Living with family  ,Father/Mother/Guardian //,5,6,4,Hindu ,"Dravidians (languages and cultures such as Tamil, Telugu, Kannada, and Malayalam. They are predominantly found in South India.)  (, ,       .     .)",Tamil ,Suburban   (  ),Nuclear ,4,Youngest Child  ,No ,No ,No ,No ,No ,No ,20,15,Lower Middle (III)
Madras Christian College,MCC12,26/10/2004,Female ,Female ,Tambaram,11,Yes ,Master's ,Statistics,Not working  ,Heterosexual (attracted to opposite sex)  (    ),Single   ( ),Living with family  ,Father/Mother/Guardian //,2,1,3,Hindu ,"Dravidians (languages and cultures such as Tamil, Telugu, Kannada, and Malayalam. They are predominantly found in South India.)  (, ,       .     .)",Tamil ,Urban ,Nuclear ,3,Youngest Child  ,No ,No ,No ,No ,No ,No ,21,6,Upper Lower (IV)
Madras Christian College,MCC13,17/08/2005,Male ,Male ,Kanchipuram,20,No ,Bachelor's ,Statistics,Currently involved with part-time/remote work   / (remote)  ,Heterosexual (attracted to opposite sex)  (    ),Single   ( ),Living with family  ,Father/Mother/Guardian //,7,8,2,Hindu ,"Dravidians (languages and cultures such as Tamil, Telugu, Kannada, and Malayalam. They are predominantly found in South India.)  (, ,       .     .)",Telugu ,Rural ,Nuclear ,4,Youngest Child  ,No ,No ,No ,No ,No ,No ,20,17,Upper Middle (II)
Mohamed Sathak College,MSC01,18/05/2025,Female ,Female ,Tiruvottiyur,10,No ,Bachelor's ,Psychology,Currently involved with full-time work     ,Heterosexual (attracted to opposite sex)  (    ),Married ,Living with partner/spouse // ,Spouse //,7,9,6,Muslim ,"Dravidians (languages and cultures such as Tamil, Telugu, Kannada, and Malayalam. They are predominantly found in South India.)  (, ,       .     .)",Tamil ,Urban ,Nuclear ,2,Eldest Child  ,No ,No ,No ,No ,No ,No ,19,22,Upper Middle (II)
Mohamed Sathak College,MSC02,04/02/2007,Female ,Female ,Perumbakkam,0,Yes ,Bachelor's ,Psychology,Not working  ,Heterosexual (attracted to opposite sex)  (    ),Single   ( ),Living with family  ,Father/Mother/Guardian //,6,7,12,Muslim ,"Dravidians (languages and cultures such as Tamil, Telugu, Kannada, and Malayalam. They are predominantly found in South India.)  (, ,       .     .)",Tamil ,Rural ,Nuclear ,4,Youngest Child  ,Yes ,No ,No ,No ,No ,Yes ,18,25,Upper Middle (II)
Mohamed Sathak College,MSC03,23/09/2006,Female ,Female ,Tharamani,19,No ,Bachelor's ,Psychology,Not working  ,Heterosexual (attracted to opposite sex)  (    ),Single   ( ),Living with family  ,Father/Mother/Guardian //,5,6,6,Hindu ,"Dravidians (languages and cultures such as Tamil, Telugu, Kannada, and Malayalam. They are predominantly found in South India.)  (, ,       .     .)",Tamil ,Urban ,Nuclear ,2,Single Child  ,No ,No ,No ,No ,No ,No ,19,17,Upper Middle (II)
Mohamed Sathak College,MSC04,02/10/2006,Female ,Female ,Chrompet,19,No ,Bachelor's ,Psychology,Not working  ,Heterosexual (attracted to opposite sex)  (    ),Single   ( ),Living with family  ,Father/Mother/Guardian //,4,6,6,Hindu ,"Dravidians (languages and cultures such as Tamil, Telugu, Kannada, and Malayalam. They are predominantly found in South India.)  (, ,       .     .)",Malayalam ,Urban ,Nuclear ,4,Youngest Child  ,No ,No ,No ,No ,No ,No ,19,16,Upper Middle (II)
Mohamed Sathak College,MSC05,02/01/2007,Male ,Male ,Semmanchery,10,No ,Bachelor's ,Psychology,Currently involved with freelance work   (freelance)  ,Bisexual (attracted to both same and opposite sex)   (       ),Single   ( ),Living with family  ,Father/Mother/Guardian //,4,6,10,Hindu ,"Dravidians (languages and cultures such as Tamil, Telugu, Kannada, and Malayalam. They are predominantly found in South India.)  (, ,       .     .)",Tamil ,Urban ,Nuclear ,4,Youngest Child  ,No ,No ,No ,No ,No ,No ,18,20,Upper Middle (II)
Mohamed Sathak College,MSC06,26/03/2007,Female ,Female ,Panaiyur chennai,10,No ,Bachelor's ,Psychology,Not working  ,Heterosexual (attracted to opposite sex)  (    ),Single   ( ),Living with family  ,Father/Mother/Guardian //,6,8,4,Muslim ,"Other (anglo-Indians, Parsis, and various communities)  (-,    )",Tamil ,Urban ,Nuclear ,5,Middle Child  ,No ,No ,No ,No ,No ,No ,18,18,Upper Middle (II)
Mohamed Sathak College,MSC07,19/10/2005,Male ,Male ,"College hostel, Sholinganallur",3,Yes ,Bachelor's ,Psychology,Currently involved with full-time work     ,Heterosexual (attracted to opposite sex)  (    ),Single   ( ),Living with friends/roomates /  ,Father/Mother/Guardian //,6,6,3,Muslim ,"Dravidians (languages and cultures such as Tamil, Telugu, Kannada, and Malayalam. They are predominantly found in South India.)  (, ,       .     .)",Tamil ,Suburban   (  ),Nuclear ,5,Eldest Child  ,No ,No ,No ,No ,No ,No ,20,15,Lower Middle (III)
Mohamed Sathak College,MSC08,25/09/2006,Female ,Female ,Madipakkam,10,No ,Bachelor's ,Psychology,Not working  ,Heterosexual (attracted to opposite sex)  (    ),Single   ( ),Living with family  ,Father/Mother/Guardian //,3,2,3,Muslim ,"Dravidians (languages and cultures such as Tamil, Telugu, Kannada, and Malayalam. They are predominantly found in South India.)  (, ,       .     .)",Tamil ,Urban ,Nuclear ,4,Youngest Child  ,No ,No ,No ,No ,No ,No ,19,8,Upper Lower (IV)
Mohamed Sathak College,MSC09,16/10/2006,Female ,Female ,"Manimegalai street,thiru.vi.ka nagar hasthinapuram chennai",19,No ,Bachelor's ,Psychology,Currently involved with part-time/remote work   / (remote)  ,Heterosexual (attracted to opposite sex)  (    ),In a Committed Relationship   ,Living with family  ,Father/Mother/Guardian //,4,4,1,Hindu ,"Dravidians (languages and cultures such as Tamil, Telugu, Kannada, and Malayalam. They are predominantly found in South India.)  (, ,       .     .)",Tamil ,Urban ,Nuclear ,5,Eldest Child  ,No ,No ,No ,No ,No ,No ,19,9,Upper Lower (IV)
Mohamed Sathak College,MSC10,26/09/2006,Female ,Female ,Thiruvalluvar nagar,9,No ,Master's ,Psychology,Not working  ,Asexual (not attracted to either sex)   (    ),Situationships / Friends with Benefits / Open Relationships   /    /  ,Living with family  ,Father/Mother/Guardian //,2,6,2,Muslim ,"Dravidians (languages and cultures such as Tamil, Telugu, Kannada, and Malayalam. They are predominantly found in South India.)  (, ,       .     .)",Tamil ,Suburban   (  ),Extended/Joint  ,5,Eldest Child  ,No ,No ,No ,No ,No ,No ,19,10,Upper Lower (IV)
Mohamed Sathak College,MSC11,02/08/2006,Female ,Female ,Medavakkam,20,No ,Bachelor's ,Psychology,Not working  ,Heterosexual (attracted to opposite sex)  (    ),Single   ( ),Living with family  ,Father/Mother/Guardian //,6,3,3,Hindu ,"Dravidians (languages and cultures such as Tamil, Telugu, Kannada, and Malayalam. They are predominantly found in South India.)  (, ,       .     .)",Tamil ,Urban ,Nuclear ,4,Youngest Child  ,No ,No ,No ,No ,No ,No ,19,12,Lower Middle (III)
Mohamed Sathak College,MSC12,07/05/2006,Female ,Female ,Kottivakkam,3,Yes ,Bachelor's ,Psychology,Not working  ,Asexual (not attracted to either sex)   (    ),Situationships / Friends with Benefits / Open Relationships   /    /  ,Living with family  ,Father/Mother/Guardian //,2,2,1,Hindu ,"Dravidians (languages and cultures such as Tamil, Telugu, Kannada, and Malayalam. They are predominantly found in South India.)  (, ,       .     .)",Tamil ,Urban ,Nuclear ,3,Youngest Child  ,No ,No ,No ,No ,No ,No ,19,5,Upper Lower (IV)
Mohamed Sathak College,MSC13,21/09/2006,Female ,Female ,"Jinna street,alandur, chennai -16",5,No ,Bachelor's ,Psychology,Not working  ,Heterosexual (attracted to opposite sex)  (    ),Single   ( ),Living with family  ,Father/Mother/Guardian //,4,2,2,Muslim ,"Dravidians (languages and cultures such as Tamil, Telugu, Kannada, and Malayalam. They are predominantly found in South India.)  (, ,       .     .)",Other ,Urban ,Nuclear ,4,Youngest Child  ,No ,No ,No ,No ,No ,No ,19,8,Upper Lower (IV)
Mohamed Sathak College,MSC14,28/11/2006,Female ,Other ,Kumaran Nagar,1,Yes ,Bachelor's ,Psychology,Not working  ,Heterosexual (attracted to opposite sex)  (    ),In a Committed Relationship   ,Living with family  ,Father/Mother/Guardian //,6,8,6,Muslim ,"Indo-Aryans (languages and cultures such as Hindi, Punjabi, Gujarati, Bengali, and Marathi. They are predominantly found in North India.) - (, , ,       .     .)",Tamil ,Urban ,Extended/Joint  ,6,Youngest Child  ,No ,No ,No ,No ,No ,No ,19,20,Upper Middle (II)
Mohamed Sathak College,MSC15,01/02/2007,Female ,Female ,Alandur chennai,4,No ,Bachelor's ,Psychology,Currently involved with part-time/remote work   / (remote)  ,Heterosexual (attracted to opposite sex)  (    ),Single   ( ),Living with family  ,Father/Mother/Guardian //,6,6,2,Muslim ,"Dravidians (languages and cultures such as Tamil, Telugu, Kannada, and Malayalam. They are predominantly found in South India.)  (, ,       .     .)",Other ,Urban ,Nuclear ,6,Youngest Child  ,No ,No ,No ,No ,No ,No ,18,14,Lower Middle (III)
Mohamed Sathak College,MSC16,11/11/2004,Female ,Other ,Tamilnadu,21,No ,Bachelor's ,Psychology,Not working  ,Asexual (not attracted to either sex)   (    ),In a Committed Relationship   ,Living with family  ,Father/Mother/Guardian //,6,6,3,Muslim ,"Dravidians (languages and cultures such as Tamil, Telugu, Kannada, and Malayalam. They are predominantly found in South India.)  (, ,       .     .)",Tamil ,Rural ,Nuclear ,5,Youngest Child  ,No ,No ,No ,No ,No ,No ,21,15,Lower Middle (III)
Mohamed Sathak College,MSC17,22/08/2007,Female ,Female ,183/5  vivekanandar nagar 2 nd EXTN Sithalapakkam Chennai,0,No ,Bachelor's ,Psychology,Not working  ,Asexual (not attracted to either sex)   (    ),Single   ( ),Living with family  ,Father/Mother/Guardian //,5,6,6,Hindu ,"Dravidians (languages and cultures such as Tamil, Telugu, Kannada, and Malayalam. They are predominantly found in South India.)  (, ,       .     .)",Tamil ,Urban ,Nuclear ,2,Single Child  ,No ,No ,No ,No ,No ,No ,18,17,Upper Middle (II)
Madras School of Social Work,MSS01,26/03/2008,Female ,Female ,Egmore,0,No ,Bachelor's ,Psychology,Not working  ,Heterosexual (attracted to opposite sex)  (    ),Single   ( ),Living with friends/roomates /  ,Father/Mother/Guardian //,7,10,10,Hindu ,"Dravidians (languages and cultures such as Tamil, Telugu, Kannada, and Malayalam. They are predominantly found in South India.)  (, ,       .     .)",Kannada ,Urban ,Nuclear ,4,Eldest Child  ,Yes ,No ,No ,No ,No ,No ,18,27,Upper (I)
Madras School of Social Work,MSS02,11/08/2005,Female ,Female ,Anna Nagar,20,Yes ,Bachelor's ,Psychology,Not working  ,Heterosexual (attracted to opposite sex)  (    ),In a Committed Relationship   ,Living with family  ,Father/Mother/Guardian //,6,6,10,Muslim ,"Dravidians (languages and cultures such as Tamil, Telugu, Kannada, and Malayalam. They are predominantly found in South India.)  (, ,       .     .)",Malayalam ,Urban ,Nuclear ,6,Middle Child  ,No ,No ,No ,No ,No ,Yes ,20,22,Upper Middle (II)
Madras School of Social Work,MSS03,19/05/2004,Female ,Female ,Kilpauk,0,Yes ,Master's ,Psychology,Not working  ,Heterosexual (attracted to opposite sex)  (    ),Single   ( ),Living with friends/roomates /  ,Father/Mother/Guardian //,7,4,10,Hindu ,"Dravidians (languages and cultures such as Tamil, Telugu, Kannada, and Malayalam. They are predominantly found in South India.)  (, ,       .     .)",Telugu ,Urban ,Extended/Joint  ,5,Youngest Child  ,No ,No ,Ocassionally/Socially  /  ,No ,No ,No ,21,21,Upper Middle (II)
Madras School of Social Work,MSS04,23/10/2003,Female ,Female ,MGR NAGAR,22,No ,Master's ,Counselling Psychology,Not working  ,Heterosexual (attracted to opposite sex)  (    ),Single   ( ),Living with family  ,Father/Mother/Guardian //,4,2,2,Hindu ,"Dravidians (languages and cultures such as Tamil, Telugu, Kannada, and Malayalam. They are predominantly found in South India.)  (, ,       .     .)",Tamil ,Urban ,Stem /  ,5,Youngest Child  ,No ,No ,No ,No ,No ,No ,22,8,Upper Lower (IV)
Madras School of Social Work,MSS05,28/11/2004,Male ,Male ,Thirumullaivoyal,7,No ,Master's ,Counselling Psychology,Student,Heterosexual (attracted to opposite sex)  (    ),In a Committed Relationship   ,Living with family  ,Father/Mother/Guardian //,5,1,10,Christian ,"Dravidians (languages and cultures such as Tamil, Telugu, Kannada, and Malayalam. They are predominantly found in South India.)  (, ,       .     .)",Tamil ,Urban ,Nuclear ,6,Youngest Child  ,No ,No ,No ,No ,No ,No ,21,16,Upper Middle (II)
Madras School of Social Work,MSS06,08/12/2005,Female ,Female ,Ashok nagar,20,No ,Bachelor's ,Psychology,Not working  ,Heterosexual (attracted to opposite sex)  (    ),In a Committed Relationship   ,Living with family  ,Father/Mother/Guardian //,4,6,10,Hindu ,"Dravidians (languages and cultures such as Tamil, Telugu, Kannada, and Malayalam. They are predominantly found in South India.)  (, ,       .     .)",Tamil ,Urban ,Stem /  ,4,Eldest Child  ,No ,No ,No ,No ,No ,No ,19,20,Upper Middle (II)
Madras School of Social Work,MSS07,16/03/2004,Female ,Female ,Egmore,1,Yes ,Master's ,Counselling Psychology,Not working  ,Heterosexual (attracted to opposite sex)  (    ),Single   ( ),Living with friends/roomates /  ,Father/Mother/Guardian //,6,10,10,Christian ,"Dravidians (languages and cultures such as Tamil, Telugu, Kannada, and Malayalam. They are predominantly found in South India.)  (, ,       .     .)",Tamil ,Suburban   (  ),Nuclear ,4,Youngest Child  ,Yes ,No ,No ,No ,No ,No ,21,26,Upper (I)
Madras School of Social Work,MSS08,22/08/2006,Female ,Female ,Perambur,1,Yes ,Bachelor's ,Psychology,Not working  ,Homosexual (attracted to same sex)   (    ),In a Committed Relationship   ,Living with family  ,Father/Mother/Guardian //,6,7,4,Hindu ,"Dravidians (languages and cultures such as Tamil, Telugu, Kannada, and Malayalam. They are predominantly found in South India.)  (, ,       .     .)",Tamil ,Urban ,Nuclear ,3,Eldest Child  ,No ,No ,No ,No ,No ,No ,19,17,Upper Middle (II)
Madras School of Social Work,MSS09,05/04/2005,Male ,Male ,Chetpet,15,Yes ,Bachelor's ,Psychology,Not working  ,Heterosexual (attracted to opposite sex)  (    ),In a Committed Relationship   ,Living with family  ,Father/Mother/Guardian //,7,8,12,Christian ,"Dravidians (languages and cultures such as Tamil, Telugu, Kannada, and Malayalam. They are predominantly found in South India.)  (, ,       .     .)",Tamil ,Suburban   (  ),Nuclear ,4,Eldest Child  ,No ,Occasionally/Socially  /  ,Ocassionally/Socially  /  ,No ,No ,No ,20,27,Upper (I)
Madras School of Social Work,MSS10,02/11/2003,Female ,Female ,T. NAGAR,21,No ,Master's ,Counselling Psychology,Not working  ,Heterosexual (attracted to opposite sex)  (    ),Single   ( ),Living with family  ,Father/Mother/Guardian //,6,10,10,Hindu ,"Dravidians (languages and cultures such as Tamil, Telugu, Kannada, and Malayalam. They are predominantly found in South India.)  (, ,       .     .)",Tamil ,Urban ,Extended/Joint  ,5,Eldest Child  ,No ,No ,No ,No ,No ,No ,22,26,Upper (I)
Madras School of Social Work,MSS11,29/01/2007,Female ,Female ,Poonamallee,10,No ,Bachelor's ,Psychology,Not working  ,Heterosexual (attracted to opposite sex)  (    ),Single   ( ),Living with family  ,Father/Mother/Guardian //,5,7,12,Hindu ,"Dravidians (languages and cultures such as Tamil, Telugu, Kannada, and Malayalam. They are predominantly found in South India.)  (, ,       .     .)",Tamil ,Urban ,Nuclear ,3,Single Child  ,No ,No ,No ,No ,No ,No ,18,24,Upper Middle (II)
Madras School of Social Work,MSS12,17/10/2003,Male ,Male ,Kolathur,22,No ,Master's ,Psychology,Not working  ,Heterosexual (attracted to opposite sex)  (    ),Single   ( ),Living with family  ,Father/Mother/Guardian //,6,1,6,Christian ,"Dravidians (languages and cultures such as Tamil, Telugu, Kannada, and Malayalam. They are predominantly found in South India.)  (, ,       .     .)",Malayalam ,Urban ,Nuclear ,4,Youngest Child  ,No ,No ,No ,No ,No ,No ,22,13,Lower Middle (III)
Madras School of Social Work,MSS13,10/07/2005,Female ,Female ,ANNA NAGAR,20,No ,Bachelor's ,Psychology,Not working  ,Heterosexual (attracted to opposite sex)  (    ),In a Committed Relationship   ,Living with family  ,Father/Mother/Guardian //,6,1,4,Hindu ,"Dravidians (languages and cultures such as Tamil, Telugu, Kannada, and Malayalam. They are predominantly found in South India.)  (, ,       .     .)",Tamil ,Urban ,Extended/Joint  ,6,Eldest Child  ,No ,No ,No ,No ,No ,No ,20,11,Lower Middle (III)
Madras School of Social Work,MSS14,16/12/2004,Female ,Female ,Ekkatutangal,4,Yes ,Master's ,Psychology,Not working  ,Heterosexual (attracted to opposite sex)  (    ),Single   ( ),Living alone  ,Father/Mother/Guardian //,7,9,12,Hindu ,"Dravidians (languages and cultures such as Tamil, Telugu, Kannada, and Malayalam. They are predominantly found in South India.)  (, ,       .     .)",Telugu ,Suburban   (  ),Extended/Joint  ,5,Eldest Child  ,No ,No ,Ocassionally/Socially  /  ,No ,No ,No ,20,28,Upper (I)
Madras School of Social Work,MSS15,18/07/2005,Female ,Female ,Thiruvanmiyur,0,Yes ,Bachelor's ,Psychology,Not working  ,Heterosexual (attracted to opposite sex)  (    ),Single   ( ),Living with family  ,Father/Mother/Guardian //,5,10,10,Hindu ,"Dravidians (languages and cultures such as Tamil, Telugu, Kannada, and Malayalam. They are predominantly found in South India.)  (, ,       .     .)",Telugu ,Urban ,Stem /  ,6,Eldest Child  ,No ,No ,No ,No ,No ,No ,20,25,Upper Middle (II)
Madras School of Social Work,MSS16,19/01/2000,Male ,Male ,Kanathur(ECR),3,Yes ,Master's ,Counselling Psychology,Not working  ,Asexual (not attracted to either sex)   (    ),Single   ( ),Living with family  ,Father/Mother/Guardian //,6,10,6,Hindu ,"Dravidians (languages and cultures such as Tamil, Telugu, Kannada, and Malayalam. They are predominantly found in South India.)  (, ,       .     .)",Malayalam ,Urban ,Nuclear ,4,Eldest Child  ,No ,No ,No ,No ,No ,Yes ,25,22,Upper Middle (II)
Madras School of Social Work,MSS17,30/06/2007,Male ,Male ,Nungambakkam,0,Yes ,Bachelor's ,Psychology,Not working  ,Heterosexual (attracted to opposite sex)  (    ),Single   ( ),Living alone  ,Father/Mother/Guardian //,6,10,12,Hindu ,"Dravidians (languages and cultures such as Tamil, Telugu, Kannada, and Malayalam. They are predominantly found in South India.)  (, ,       .     .)",Tamil ,Rural ,Nuclear ,4,Youngest Child  ,No ,No ,No ,No ,No ,No ,18,28,Upper (I)
Madras School of Social Work,MSS18,30/07/2006,Female ,Female ,Choolaimedu,19,No ,Bachelor's ,Psychology,Not working  ,Heterosexual (attracted to opposite sex)  (    ),Single   ( ),Living with family  ,Father/Mother/Guardian //,6,9,4,Hindu ,"Dravidians (languages and cultures such as Tamil, Telugu, Kannada, and Malayalam. They are predominantly found in South India.)  (, ,       .     .)",Malayalam ,Urban ,Nuclear ,3,Single Child  ,No ,No ,No ,No ,No ,No ,19,19,Upper Middle (II)
Madras School of Social Work,MSS19,29/07/2006,Female ,Female ,Mylapore,19,No ,Bachelor's ,Psychology,Currently involved with freelance work   (freelance)  ,Heterosexual (attracted to opposite sex)  (    ),Single   ( ),Living with family  ,Father/Mother/Guardian //,7,9,10,Hindu ,"Dravidians (languages and cultures such as Tamil, Telugu, Kannada, and Malayalam. They are predominantly found in South India.)  (, ,       .     .)",Tamil ,Urban ,Extended/Joint  ,14,Eldest Child  ,No ,No ,No ,No ,No ,No ,19,26,Upper (I)
Madras School of Social Work,MSS20,07/04/2007,Female ,Female ,Periyamet,17,No ,Bachelor's ,Psychology,Not working  ,Heterosexual (attracted to opposite sex)  (    ),Single   ( ),Living with family  ,Father/Mother/Guardian //,6,9,6,Muslim ,"Other (anglo-Indians, Parsis, and various communities)  (-,    )",Hindi ,Urban ,Nuclear ,3,Single Child  ,No ,Occasionally/Socially  /  ,No ,No ,No ,No ,18,21,Upper Middle (II)
Madras School of Social Work,MSS21,10/10/2005,Female ,Female ,Valasaravakkam,14,No ,Bachelor's ,Psychology,Currently involved with freelance work   (freelance)  ,Heterosexual (attracted to opposite sex)  (    ),In a Committed Relationship   ,Living with family  ,Father/Mother/Guardian //,6,9,12,Other ,"Dravidians (languages and cultures such as Tamil, Telugu, Kannada, and Malayalam. They are predominantly found in South India.)  (, ,       .     .)",Tamil ,Urban ,Nuclear ,4,Youngest Child  ,No ,No ,No ,No ,No ,No ,20,27,Upper (I)
Madras School of Social Work,MSS22,01/09/2004,Female ,Female ,Kilpauk,0,Yes ,Master's ,Psychology,Not working  ,Heterosexual (attracted to opposite sex)  (    ),In a Committed Relationship   ,Living with friends/roomates /  ,Father/Mother/Guardian //,6,9,10,Hindu ,"Dravidians (languages and cultures such as Tamil, Telugu, Kannada, and Malayalam. They are predominantly found in South India.)  (, ,       .     .)",Tamil ,Urban ,Nuclear ,4,Youngest Child  ,No ,No ,Ocassionally/Socially  /  ,No ,No ,No ,21,25,Upper Middle (II)
Madras School of Social Work,MSS23,26/08/2007,Female ,Female ,Perumalpet,10,No ,Bachelor's ,Psychology,Student,Heterosexual (attracted to opposite sex)  (    ),Single   ( ),Living with family  ,Father/Mother/Guardian //,7,10,3,Hindu ,"Dravidians (languages and cultures such as Tamil, Telugu, Kannada, and Malayalam. They are predominantly found in South India.)  (, ,       .     .)",Tamil ,Urban ,Nuclear ,3,Single Child  ,No ,No ,No ,No ,No ,No ,18,20,Upper Middle (II)
Madras School of Social Work,MSS24,03/06/2008,Female ,Female ,Kanagam near tharamani,17,No ,Bachelor's ,Allied Health,Currently involved with full-time work     ,Heterosexual (attracted to opposite sex)  (    ),Single   ( ),Living with family  ,Father/Mother/Guardian //,3,7,12,Hindu ,"Dravidians (languages and cultures such as Tamil, Telugu, Kannada, and Malayalam. They are predominantly found in South India.)  (, ,       .     .)",Tamil ,Urban ,Nuclear ,4,Youngest Child  ,No ,No ,No ,No ,No ,No ,18,22,Upper Middle (II)
SrI Ramachandra Institute of Higher Education and Research,SRI01,29/03/2007,Male ,Male ,Anna Nagar,3,Yes ,Bachelor's ,Allied Health,Not working  ,Heterosexual (attracted to opposite sex)  (    ),Single   ( ),Living with family  ,Father/Mother/Guardian //,5,6,12,Muslim ,"Dravidians (languages and cultures such as Tamil, Telugu, Kannada, and Malayalam. They are predominantly found in South India.)  (, ,       .     .)",Malayalam ,Suburban   (  ),Extended/Joint  ,5,Youngest Child  ,No ,No ,No ,No ,No ,No ,18,23,Upper Middle (II)
SrI Ramachandra Institute of Higher Education and Research,SRI02,25/11/2004,Female ,Female ,Old Washermenpet,21,No ,Master's ,Counselling Psychology,Not working  ,Heterosexual (attracted to opposite sex)  (    ),Single   ( ),Living with family  ,Grandparents /,6,6,12,Hindu ,"Dravidians (languages and cultures such as Tamil, Telugu, Kannada, and Malayalam. They are predominantly found in South India.)  (, ,       .     .)",Tamil ,Urban ,Extended/Joint  ,10,Eldest Child  ,No ,No ,No ,No ,No ,No ,21,24,Upper Middle (II)
SrI Ramachandra Institute of Higher Education and Research,SRI03,22/03/2007,Female ,Female ,Alwarpet,12,No ,Bachelor's ,Psychology,Not working  ,Heterosexual (attracted to opposite sex)  (    ),Single   ( ),Living with family  ,Father/Mother/Guardian //,7,9,12,Hindu ,"Dravidians (languages and cultures such as Tamil, Telugu, Kannada, and Malayalam. They are predominantly found in South India.)  (, ,       .     .)",Tamil ,Urban ,Extended/Joint  ,6,Eldest Child  ,No ,No ,No ,No ,No ,No ,18,28,Upper (I)
SrI Ramachandra Institute of Higher Education and Research,SRI04,04/02/2005,Female ,Female ,Porur,0,Yes ,Master's ,Psychology,Not working  ,Heterosexual (attracted to opposite sex)  (    ),Single   ( ),Living with friends/roomates /  ,Father/Mother/Guardian //,6,8,12,Christian ,"Dravidians (languages and cultures such as Tamil, Telugu, Kannada, and Malayalam. They are predominantly found in South India.)  (, ,       .     .)",Tamil ,Urban ,Extended/Joint  ,8,Single Child  ,No ,No ,Ocassionally/Socially  /  ,No ,No ,No ,20,26,Upper (I)
SrI Ramachandra Institute of Higher Education and Research,SRI05,02/04/2007,Female ,Female ,Velachery,15,No ,Bachelor's ,Psychology,Not working  ,Heterosexual (attracted to opposite sex)  (    ),In a Committed Relationship   ,Living with family  ,Father/Mother/Guardian //,7,6,6,Hindu ,"Dravidians (languages and cultures such as Tamil, Telugu, Kannada, and Malayalam. They are predominantly found in South India.)  (, ,       .     .)",Tamil ,Urban ,Nuclear ,3,Single Child  ,No ,No ,No ,No ,No ,No ,18,19,Upper Middle (II)
SrI Ramachandra Institute of Higher Education and Research,SRI06,05/11/2002,Female ,Female ,Redhills,23,No ,Master's ,Counselling Psychology,Not working  ,Bisexual (attracted to both same and opposite sex)   (       ),In a Committed Relationship   ,Living with family  ,Father/Mother/Guardian //,6,8,12,Hindu ,"Dravidians (languages and cultures such as Tamil, Telugu, Kannada, and Malayalam. They are predominantly found in South India.)  (, ,       .     .)",Tamil ,Urban ,Extended/Joint  ,8,Eldest Child  ,No ,No ,No ,No ,No ,No ,23,26,Upper (I)
SrI Ramachandra Institute of Higher Education and Research,SRI07,27/01/2006,Female ,Female ,Ekkaduthangal,19,No ,Bachelor's ,Psychology,Not working  ,Heterosexual (attracted to opposite sex)  (    ),Single   ( ),Living with family  ,Father/Mother/Guardian //,7,9,12,Hindu ,"Dravidians (languages and cultures such as Tamil, Telugu, Kannada, and Malayalam. They are predominantly found in South India.)  (, ,       .     .)",Malayalam ,Urban ,Nuclear ,4,Eldest Child  ,No ,No ,No ,No ,No ,No ,19,28,Upper (I)
SrI Ramachandra Institute of Higher Education and Research,SRI08,01/05/2002,Female ,Female ,Tondiarpet,23,No ,Master's ,Psychology,Not working  ,Heterosexual (attracted to opposite sex)  (    ),Single   ( ),Living with family  ,Father/Mother/Guardian //,4,10,6,Christian ,"Dravidians (languages and cultures such as Tamil, Telugu, Kannada, and Malayalam. They are predominantly found in South India.)  (, ,       .     .)",Tamil ,Urban ,Nuclear ,5,Youngest Child  ,No ,No ,No ,No ,No ,No ,23,20,Upper Middle (II)
SrI Ramachandra Institute of Higher Education and Research,SRI09,22/04/2006,Female ,Female ,Gerugambakkam,10,No ,Bachelor's ,Psychology,Not working  ,Heterosexual (attracted to opposite sex)  (    ),In a Committed Relationship   ,Living with family  ,Father/Mother/Guardian //,6,8,10,Other ,"Dravidians (languages and cultures such as Tamil, Telugu, Kannada, and Malayalam. They are predominantly found in South India.)  (, ,       .     .)",Tamil ,Urban ,Nuclear ,3,Single Child  ,Yes ,No ,Ocassionally/Socially  /  ,No ,No ,No ,19,24,Upper Middle (II)
SrI Ramachandra Institute of Higher Education and Research,SRI10,02/02/2004,Female ,Female ,Chennai,21,No ,Master's ,Counselling Psychology,Not working  ,Heterosexual (attracted to opposite sex)  (    ),In a Committed Relationship   ,Living with family  ,Father/Mother/Guardian //,7,1,10,Hindu ,"Dravidians (languages and cultures such as Tamil, Telugu, Kannada, and Malayalam. They are predominantly found in South India.)  (, ,       .     .)",Tamil ,Urban ,Nuclear ,3,Youngest Child  ,No ,Occasionally/Socially  /  ,Ocassionally/Socially  /  ,No ,No ,No ,21,18,Upper Middle (II)
SrI Ramachandra Institute of Higher Education and Research,SRI11,24/10/2005,Female ,Female ,Anna Nagar west,20,No ,Bachelor's ,Psychology,Not working  ,Female,Single   ( ),Living with family  ,Father/Mother/Guardian //,6,8,12,Hindu ,"Indo-Aryans (languages and cultures such as Hindi, Punjabi, Gujarati, Bengali, and Marathi. They are predominantly found in North India.) - (, , ,       .     .)",Hindi ,Urban ,Extended/Joint  ,6,Youngest Child  ,No ,No ,No ,No ,No ,No ,20,26,Upper (I)
SrI Ramachandra Institute of Higher Education and Research,SRI12,11/08/2007,Female ,Female ,Chennai,18,No ,Bachelor's ,Psychology,Not working  ,Heterosexual (attracted to opposite sex)  (    ),Single   ( ),Living with family  ,Father/Mother/Guardian //,6,7,12,Hindu ,"Dravidians (languages and cultures such as Tamil, Telugu, Kannada, and Malayalam. They are predominantly found in South India.)  (, ,       .     .)",Telugu ,Rural ,Nuclear ,4,Eldest Child  ,No ,No ,No ,No ,No ,No ,18,25,Upper Middle (II)
SrI Ramachandra Institute of Higher Education and Research,SRI13,19/12/2005,Female ,Female ,Velachery,19,No ,Bachelor's ,Psychology,Not working  ,Heterosexual (attracted to opposite sex)  (    ),In a Committed Relationship   ,Living with family  ,Father/Mother/Guardian //,6,10,12,Hindu ,"Dravidians (languages and cultures such as Tamil, Telugu, Kannada, and Malayalam. They are predominantly found in South India.)  (, ,       .     .)",Tamil ,Urban ,Nuclear ,5,Youngest Child  ,No ,No ,No ,No ,No ,No ,19,28,Upper (I)
SrI Ramachandra Institute of Higher Education and Research,SRI14,03/12/2002,Male ,Male ,"Tondiarpet, Chennai",10,Yes ,Master's ,Counselling Psychology,Not working  ,Heterosexual (attracted to opposite sex)  (    ),Single   ( ),Living with friends/roomates /  ,Father/Mother/Guardian //,5,6,3,Hindu ,"Dravidians (languages and cultures such as Tamil, Telugu, Kannada, and Malayalam. They are predominantly found in South India.)  (, ,       .     .)",Tamil ,Rural ,Nuclear ,3,Youngest Child  ,No ,No ,No ,No ,No ,No ,22,14,Lower Middle (III)
SrI Ramachandra Institute of Higher Education and Research,SRI15,07/02/2006,Female ,Female ,Chennai,18,No ,Bachelor's ,Psychology,Not working  ,Heterosexual (attracted to opposite sex)  (    ),Single   ( ),Living with family  ,Father/Mother/Guardian //,4,10,12,Muslim ,"Dravidians (languages and cultures such as Tamil, Telugu, Kannada, and Malayalam. They are predominantly found in South India.)  (, ,       .     .)",Malayalam ,Urban ,Nuclear ,5,Middle Child  ,No ,Occasionally/Socially  /  ,No ,No ,No ,No ,19,26,Upper (I)
SrI Ramachandra Institute of Higher Education and Research,SRI16,13/02/2007,Male ,Male ,Porur,2,No ,Bachelor's ,Psychology,Not working  ,Heterosexual (attracted to opposite sex)  (    ),In a Committed Relationship   ,Living with family  ,Grandparents /,7,10,12,Hindu ,"Dravidians (languages and cultures such as Tamil, Telugu, Kannada, and Malayalam. They are predominantly found in South India.)  (, ,       .     .)",Tamil ,Urban ,Stem /  ,3,Eldest Child  ,No ,No ,No ,No ,No ,No ,18,29,Upper (I)
SrI Ramachandra Institute of Higher Education and Research,SRI17,13/04/2006,Female ,Female ,Porur,2,Yes ,Bachelor's ,Psychology,Not working  ,Heterosexual (attracted to opposite sex)  (    ),Single   ( ),Living alone  ,Father/Mother/Guardian //,6,10,12,Jain ,"Indo-Aryans (languages and cultures such as Hindi, Punjabi, Gujarati, Bengali, and Marathi. They are predominantly found in North India.) - (, , ,       .     .)",Other ,Rural ,Extended/Joint  ,14,Eldest Child  ,No ,No ,Ocassionally/Socially  /  ,No ,No ,No ,19,28,Upper (I)
SrI Ramachandra Institute of Higher Education and Research,SRI18,05/11/2002,Female ,Female ,Kolathur,15,No ,Master's ,Counselling Psychology,Not working  ,Heterosexual (attracted to opposite sex)  (    ),Single   ( ),Living with family  ,Father/Mother/Guardian //,6,10,10,Hindu ,"Dravidians (languages and cultures such as Tamil, Telugu, Kannada, and Malayalam. They are predominantly found in South India.)  (, ,       .     .)",Tamil ,Urban ,Nuclear ,3,Single Child  ,No ,No ,No ,No ,No ,No ,23,26,Upper (I)
SrI Ramachandra Institute of Higher Education and Research,SRI19,20/08/2007,Female ,Female ,Perumbakkam,12,No ,Bachelor's ,Psychology,Currently involved with full-time work     ,Heterosexual (attracted to opposite sex)  (    ),In a Committed Relationship   ,Living with family  ,Father/Mother/Guardian //,7,8,10,Hindu ,"Dravidians (languages and cultures such as Tamil, Telugu, Kannada, and Malayalam. They are predominantly found in South India.)  (, ,       .     .)",Telugu ,Urban ,Nuclear ,4,Eldest Child  ,No ,No ,No ,No ,No ,No ,18,25,Upper Middle (II)
SrI Ramachandra Institute of Higher Education and Research,SRI20,20/05/2003,Female ,Female ,Avadi,2,No ,Master's ,Psychology,Not working  ,Heterosexual (attracted to opposite sex)  (    ),Single   ( ),Living with family  ,Father/Mother/Guardian //,6,10,10,Hindu ,"Dravidians (languages and cultures such as Tamil, Telugu, Kannada, and Malayalam. They are predominantly found in South India.)  (, ,       .     .)",Tamil ,Urban ,Stem /  ,3,Single Child  ,No ,No ,Ocassionally/Socially  /  ,No ,No ,No ,22,26,Upper (I)
SrI Ramachandra Institute of Higher Education and Research,SRI21,15/08/2006,Male ,Male ,Vanagaram,3,Yes ,Bachelor's ,Psychology,Not working  ,Heterosexual (attracted to opposite sex)  (    ),In a Committed Relationship   ,Living with family  ,Father/Mother/Guardian //,5,10,10,Hindu ,"Dravidians (languages and cultures such as Tamil, Telugu, Kannada, and Malayalam. They are predominantly found in South India.)  (, ,       .     .)",Telugu ,Rural ,Stem /  ,5,Eldest Child  ,No ,No ,No ,No ,No ,No ,19,25,Upper Middle (II)
SrI Ramachandra Institute of Higher Education and Research,SRI22,30/08/2007,Male ,Female ,Mylapore,18,No ,Bachelor's ,Psychology,Not working  ,Heterosexual (attracted to opposite sex)  (    ),In a Committed Relationship   ,Living with family  ,Father/Mother/Guardian //,7,10,10,Hindu ,"Dravidians (languages and cultures such as Tamil, Telugu, Kannada, and Malayalam. They are predominantly found in South India.)  (, ,       .     .)",Tamil ,Urban ,Nuclear ,4,Youngest Child  ,No ,No ,No ,No ,No ,No ,18,27,Upper (I)
SrI Ramachandra Institute of Higher Education and Research,SRI23,20/05/2002,Female ,Female ,Chennai,23,No ,Master's ,Psychology,Not working  ,Heterosexual (attracted to opposite sex)  (    ),Single   ( ),Living with family  ,Father/Mother/Guardian //,5,1,12,Hindu ,"Dravidians (languages and cultures such as Tamil, Telugu, Kannada, and Malayalam. They are predominantly found in South India.)  (, ,       .     .)",Tamil ,Urban ,Nuclear ,3,Youngest Child  ,No ,No ,No ,No ,No ,No ,23,18,Upper Middle (II)
SrI Ramachandra Institute of Higher Education and Research,SRI24,22/02/2003,Female ,Female ,Chennai,5,No ,Master's ,Psychology,Not working  ,Heterosexual (attracted to opposite sex)  (    ),Single   ( ),Living alone  ,Father/Mother/Guardian //,6,10,10,Hindu ,"Dravidians (languages and cultures such as Tamil, Telugu, Kannada, and Malayalam. They are predominantly found in South India.)  (, ,       .     .)",Tamil ,Urban ,Extended/Joint  ,5,Eldest Child  ,No ,No ,No ,No ,No ,No ,22,26,Upper (I)
SrI Ramachandra Institute of Higher Education and Research,SRI25,13/01/2003,Male ,Male ,Chennai,18,No ,Master's ,Psychology,Not working  ,Heterosexual (attracted to opposite sex)  (    ),Single   ( ),Living with family  ,Father/Mother/Guardian //,7,1,12,Christian ,"Dravidians (languages and cultures such as Tamil, Telugu, Kannada, and Malayalam. They are predominantly found in South India.)  (, ,       .     .)",Telugu ,Urban ,Nuclear ,3,Youngest Child  ,No ,No ,No ,No ,No ,No ,22,20,Upper Middle (II)
NA,SRI26,18/01/2003,Female ,Female ,Nugambakkam,0,No ,Master's ,Psychology,Currently involved with freelance work   (freelance)  ,Heterosexual (attracted to opposite sex)  (    ),In a Committed Relationship   ,Living with partner/spouse // ,none,6,9,12,Christian ,"Dravidians (languages and cultures such as Tamil, Telugu, Kannada, and Malayalam. They are predominantly found in South India.)  (, ,       .     .)",Tamil ,Urban ,Nuclear ,8,Middle Child  ,No ,Occasionally/Socially  /  ,Ocassionally/Socially  /  ,No ,No ,No ,22,27,Upper (I)
NA,SRI27,20/10/2005,Female ,Female ,Iyyapanthangal,8,No ,Bachelor's ,Psychology,Not working  ,Bisexual (attracted to both same and opposite sex)   (       ),Single   ( ),Living with family  ,Father/Mother/Guardian //,5,9,12,Muslim ,"Dravidians (languages and cultures such as Tamil, Telugu, Kannada, and Malayalam. They are predominantly found in South India.)  (, ,       .     .)",Tamil ,Urban ,Extended/Joint  ,6,Eldest Child  ,No ,Occasionally/Socially  /  ,Ocassionally/Socially  /  ,No ,No ,Yes ,20,26,Upper (I)
NA,SRI28,15/11/2006,Female ,Female ,KK NAGAR,10,No ,Bachelor's ,Psychology,Not working  ,Heterosexual (attracted to opposite sex)  (    ),Single   ( ),Living with family  ,Father/Mother/Guardian //,7,9,10,Hindu ,"Dravidians (languages and cultures such as Tamil, Telugu, Kannada, and Malayalam. They are predominantly found in South India.)  (, ,       .     .)",Telugu ,Urban ,Stem /  ,4,Eldest Child  ,No ,No ,No ,No ,No ,No ,19,26,Upper (I)
SRM Institute of Science and Technology,SRM01,26/09/2001,Female ,Female ,Potheri,0,Yes ,Master's ,Computer Science,Not working  ,Heterosexual (attracted to opposite sex)  (    ),Single   ( ),Living with friends/roomates /  ,Father/Mother/Guardian //,5,10,6,Hindu ,"Dravidians (languages and cultures such as Tamil, Telugu, Kannada, and Malayalam. They are predominantly found in South India.)  (, ,       .     .)",Telugu ,Urban ,Nuclear ,4,Youngest Child  ,No ,No ,No ,No ,No ,No ,24,21,Upper Middle (II)
SRM Institute of Science and Technology,SRM02,06/08/2001,Female ,Female ,Tamil Nadu,22,Yes ,Master's ,Public Health,Not working  ,Heterosexual (attracted to opposite sex)  (    ),Single   ( ),Living with family  ,Father/Mother/Guardian //,5,3,10,Hindu ,"Dravidians (languages and cultures such as Tamil, Telugu, Kannada, and Malayalam. They are predominantly found in South India.)  (, ,       .     .)",Malayalam ,Urban ,Nuclear ,4,Eldest Child  ,No ,No ,No ,No ,No ,No ,24,18,Upper Middle (II)
SRM Institute of Science and Technology,SRM03,17/07/2001,Female ,Female ,Kerala,2,Yes ,Master's ,Public Health,Not working  ,Heterosexual (attracted to opposite sex)  (    ),In a Committed Relationship   ,Living with friends/roomates /  ,Father/Mother/Guardian //,4,6,12,Hindu ,"Dravidians (languages and cultures such as Tamil, Telugu, Kannada, and Malayalam. They are predominantly found in South India.)  (, ,       .     .)",Malayalam ,Urban ,Extended/Joint  ,5,Youngest Child  ,No ,No ,No ,No ,No ,No ,24,22,Upper Middle (II)
SRM Institute of Science and Technology,SRM04,27/06/2001,Male ,Male ,Potheri,1.5,Yes ,Master's ,Public Health,Not working  ,Heterosexual (attracted to opposite sex)  (    ),In a Committed Relationship   ,Living alone  ,Father/Mother/Guardian //,6,9,12,Muslim ,"Dravidians (languages and cultures such as Tamil, Telugu, Kannada, and Malayalam. They are predominantly found in South India.)  (, ,       .     .)",Malayalam ,Urban ,Nuclear ,3,Youngest Child  ,No ,No ,No ,No ,No ,No ,24,27,Upper (I)
SRM Institute of Science and Technology,SRM05,16/09/2002,Female ,Female ,"Potheri, chennai",1,Yes ,Master's ,Public Health,Not working  ,Heterosexual (attracted to opposite sex)  (    ),In a Committed Relationship   ,Living with friends/roomates /  ,Father/Mother/Guardian //,5,6,6,Hindu ,"Dravidians (languages and cultures such as Tamil, Telugu, Kannada, and Malayalam. They are predominantly found in South India.)  (, ,       .     .)",Malayalam ,Suburban   (  ),Nuclear ,4,Youngest Child  ,No ,No ,No ,No ,No ,No ,23,17,Upper Middle (II)
SRM Institute of Science and Technology,SRM06,27/12/2006,Female ,Female ,Kattankulathur,2,Yes ,Bachelor's ,Allied Health,Currently involved with full-time work     ,Heterosexual (attracted to opposite sex)  (    ),Single   ( ),Living with friends/roomates /  ,Father/Mother/Guardian //,6,8,4,Hindu ,"Dravidians (languages and cultures such as Tamil, Telugu, Kannada, and Malayalam. They are predominantly found in South India.)  (, ,       .     .)",Telugu ,Rural ,Extended/Joint  ,8,Eldest Child  ,No ,No ,No ,No ,No ,No ,18,18,Upper Middle (II)
SRM Institute of Science and Technology,SRM07,16/03/2006,Female ,Female ,Poonamallee,13,No ,Bachelor's ,Allied Health,Studying,Heterosexual (attracted to opposite sex)  (    ),In a Committed Relationship   ,Living with family  ,Father/Mother/Guardian //,6,9,10,Muslim ,"Dravidians (languages and cultures such as Tamil, Telugu, Kannada, and Malayalam. They are predominantly found in South India.)  (, ,       .     .)",Tamil ,Urban ,Nuclear ,5,Eldest Child  ,No ,No ,Ocassionally/Socially  /  ,No ,No ,No ,19,25,Upper Middle (II)
SRM Institute of Science and Technology,SRM08,04/11/2003,Female ,Female ,Potheri,0,Yes ,Master's ,Computer Science,Not working  ,Heterosexual (attracted to opposite sex)  (    ),Single   ( ),Living with friends/roomates /  ,Father/Mother/Guardian //,4,5,6,Hindu ,"Dravidians (languages and cultures such as Tamil, Telugu, Kannada, and Malayalam. They are predominantly found in South India.)  (, ,       .     .)",Telugu ,Urban ,Nuclear ,4,Eldest Child  ,No ,Occasionally/Socially  /  ,Ocassionally/Socially  /  ,No ,No ,No ,22,15,Lower Middle (III)
SRM Institute of Science and Technology,SRM09,14/02/2007,Female ,Female ,Mappedu,2,No ,Bachelor's ,Allied Health,Not working  ,Heterosexual (attracted to opposite sex)  (    ),Single   ( ),Living with family  ,Father/Mother/Guardian //,7,8,6,Christian ,"Dravidians (languages and cultures such as Tamil, Telugu, Kannada, and Malayalam. They are predominantly found in South India.)  (, ,       .     .)",Tamil ,Urban ,Nuclear ,4,Eldest Child  ,No ,No ,No ,No ,No ,No ,18,21,Upper Middle (II)
SRM Institute of Science and Technology,SRM10,03/09/2002,Female ,Female ,Potheri,0,Yes ,Master's ,Public Health,Not working  ,Heterosexual (attracted to opposite sex)  (    ),Single   ( ),Living with friends/roomates /  ,Father/Mother/Guardian //,3,5,4,Hindu ,"Dravidians (languages and cultures such as Tamil, Telugu, Kannada, and Malayalam. They are predominantly found in South India.)  (, ,       .     .)",Malayalam ,Rural ,Nuclear ,4,Youngest Child  ,No ,No ,No ,No ,No ,No ,23,12,Lower Middle (III)
SRM Institute of Science and Technology,SRM11,25/06/2001,Male ,Male ,Potheri,1.5,Yes ,Master's ,Public Health,Not working  ,Heterosexual (attracted to opposite sex)  (    ),Single   ( ),Living with friends/roomates /  ,Father/Mother/Guardian //,4,5,6,Hindu ,"Dravidians (languages and cultures such as Tamil, Telugu, Kannada, and Malayalam. They are predominantly found in South India.)  (, ,       .     .)",Telugu ,Urban ,Nuclear ,4,Eldest Child  ,No ,No ,No ,No ,No ,No ,24,15,Lower Middle (III)
SRM Institute of Science and Technology,SRM12,21/04/2005,Female ,Female ,Tambaram,20,Yes ,Bachelor's ,Allied Health,Not working  ,Heterosexual (attracted to opposite sex)  (    ),In a Committed Relationship   ,Living with family  ,Father/Mother/Guardian //,6,8,6,Hindu ,"Dravidians (languages and cultures such as Tamil, Telugu, Kannada, and Malayalam. They are predominantly found in South India.)  (, ,       .     .)",Tamil ,Suburban   (  ),Nuclear ,4,Youngest Child  ,No ,Occasionally/Socially  /  ,Ocassionally/Socially  /  ,No ,No ,No ,20,20,Upper Middle (II)
SRM Institute of Science and Technology,SRM13,29/04/2002,Male ,Male ,Chennai,1,Yes ,Master's ,Public Health,Not working  ,Heterosexual (attracted to opposite sex)  (    ),Single   ( ),Living with family  ,Father/Mother/Guardian //,5,6,4,Hindu ,"Dravidians (languages and cultures such as Tamil, Telugu, Kannada, and Malayalam. They are predominantly found in South India.)  (, ,       .     .)",Tamil ,Rural ,Nuclear ,4,Eldest Child  ,No ,No ,No ,No ,No ,No ,23,15,Lower Middle (III)
SRM Institute of Science and Technology,SRM14,12/04/2002,Male ,Male ,Potheri,1,Yes ,Master's ,Public Health,Not working  ,Heterosexual (attracted to opposite sex)  (    ),Single   ( ),Living with friends/roomates /  ,Father/Mother/Guardian //,5,8,4,Christian ,"Dravidians (languages and cultures such as Tamil, Telugu, Kannada, and Malayalam. They are predominantly found in South India.)  (, ,       .     .)",Tamil ,Urban ,Nuclear ,4,Youngest Child  ,No ,No ,No ,No ,No ,No ,23,17,Upper Middle (II)
SRM Institute of Science and Technology,SRM15,11/06/2005,Female ,Female ,Potheri,2,Yes ,Bachelor's ,Allied Health,Not working  ,Heterosexual (attracted to opposite sex)  (    ),In a Committed Relationship   ,Living with friends/roomates /  ,Father/Mother/Guardian //,7,9,12,Hindu ,"Dravidians (languages and cultures such as Tamil, Telugu, Kannada, and Malayalam. They are predominantly found in South India.)  (, ,       .     .)",Malayalam ,Urban ,Nuclear ,4,Eldest Child  ,No ,No ,No ,No ,No ,No ,20,28,Upper (I)
SRM Institute of Science and Technology,SRM16,27/10/2003,Female ,Female ,Potheri,5,Yes ,Master's ,Statistics,Not working  ,Heterosexual (attracted to opposite sex)  (    ),Single   ( ),Living with friends/roomates /  ,Father/Mother/Guardian //,4,5,10,Hindu ,"Dravidians (languages and cultures such as Tamil, Telugu, Kannada, and Malayalam. They are predominantly found in South India.)  (, ,       .     .)",Tamil ,Rural ,Nuclear ,5,Eldest Child  ,No ,No ,No ,No ,No ,No ,22,19,Upper Middle (II)
SRM Institute of Science and Technology,SRM17,02/06/2004,Female ,Female ,Oldwashermenpet,21,No ,Master's ,Computer Science,Not working  ,Heterosexual (attracted to opposite sex)  (    ),Single   ( ),Living with family  ,Father/Mother/Guardian //,5,1,10,Hindu ,"Dravidians (languages and cultures such as Tamil, Telugu, Kannada, and Malayalam. They are predominantly found in South India.)  (, ,       .     .)",Tamil ,Urban ,Nuclear ,3,Youngest Child  ,No ,No ,Ocassionally/Socially  /  ,No ,No ,No ,21,16,Upper Middle (II)
SRM Institute of Science and Technology,SRM18,13/11/2001,Male ,Male ,Chengal pavan,18,Yes ,Master's ,Computer Science,Not working  ,Heterosexual (attracted to opposite sex)  (    ),Married ,Living with family  ,Father/Mother/Guardian //,6,8,12,Hindu ,"Dravidians (languages and cultures such as Tamil, Telugu, Kannada, and Malayalam. They are predominantly found in South India.)  (, ,       .     .)",Tamil ,Suburban   (  ),Nuclear ,5,Youngest Child  ,No ,No ,Ocassionally/Socially  /  ,No ,No ,No ,24,26,Upper (I)
SRM Institute of Science and Technology,SRM19,03/10/2000,Female ,Female ,"Chrompet, Chennai",2,Yes ,Master's ,Public Health,Not working  ,Heterosexual (attracted to opposite sex)  (    ),Married ,Living with partner/spouse // ,Spouse //,7,8,4,Hindu ,"Dravidians (languages and cultures such as Tamil, Telugu, Kannada, and Malayalam. They are predominantly found in South India.)  (, ,       .     .)",Tamil ,Urban ,Nuclear ,3,Eldest Child  ,No ,No ,No ,No ,No ,No ,25,19,Upper Middle (II)
SRM Institute of Science and Technology,SRM20,02/01/2002,Female ,Female ,Potheri,1,Yes ,Master's ,Allied Health,Not working  ,Heterosexual (attracted to opposite sex)  (    ),In a Committed Relationship   ,Living in University/College Hostel /  ,Father/Mother/Guardian //,4,8,10,Hindu ,"Mongoloids (found in the northeastern states of India, such as Assam, Meghalaya, Manipur, Mizoram, Nagaland, Arunachal Pradesh, Sikkim, and parts of West Bengal)  (, , , , ,  ,           )",Other ,Rural ,Nuclear ,5,Eldest Child  ,No ,Occasionally/Socially  /  ,Ocassionally/Socially  /  ,No ,No ,No ,23,22,Upper Middle (II)
SRM Institute of Science and Technology,SRM21,17/12/2002,Male ,Male ,Pudupakkam,1,No ,Master's ,Statistics,Not working  ,Bisexual (attracted to both same and opposite sex)   (       ),Single   ( ),Living with family  ,Father/Mother/Guardian //,6,9,12,Hindu ,"Dravidians (languages and cultures such as Tamil, Telugu, Kannada, and Malayalam. They are predominantly found in South India.)  (, ,       .     .)",Tamil ,Urban ,Nuclear ,2,Single Child  ,No ,No ,No ,No ,No ,No ,22,27,Upper (I)
SRM Institute of Science and Technology,SRM22,28/04/2003,Male ,Male ,Potheri,0,No ,Master's ,Computer Science,Not working  ,Heterosexual (attracted to opposite sex)  (    ),In a Committed Relationship   ,Living alone  ,Father/Mother/Guardian //,4,7,12,Hindu ,"Dravidians (languages and cultures such as Tamil, Telugu, Kannada, and Malayalam. They are predominantly found in South India.)  (, ,       .     .)",Telugu ,Rural ,Nuclear ,4,Eldest Child  ,No ,No ,No ,No ,No ,No ,22,23,Upper Middle (II)
SRM Institute of Science and Technology,SRM23,09/05/2005,Female ,Female ,Chennai,20,No ,Bachelor's ,Allied Health,Not working  ,Heterosexual (attracted to opposite sex)  (    ),Single   ( ),Living with family  ,Father/Mother/Guardian //,7,9,12,Hindu ,"Dravidians (languages and cultures such as Tamil, Telugu, Kannada, and Malayalam. They are predominantly found in South India.)  (, ,       .     .)",Tamil ,Suburban   (  ),Nuclear ,4,Eldest Child  ,No ,No ,No ,No ,No ,No ,20,28,Upper (I)
